,Year,Rank,Team,Pts,W,D,L,F,A
0,2022,1,Real Madrid,86,26,8,4,80,31
1,2022,2,Barcelona,73,21,10,7,68,38
2,2022,3,Atlético de Madrid,71,21,8,9,65,43
3,2022,4,Sevilla,70,18,16,4,53,30
4,2022,5,Betis,65,19,8,11,62,40
5,2022,6,Real Sociedad,62,17,11,10,40,37
6,2022,7,Villarreal,59,16,11,11,63,37
7,2022,8,Athletic Club,55,14,13,11,43,36
8,2022,9,Valencia,48,11,15,12,48,53
9,2022,10,Osasuna,47,12,11,15,37,51
10,2022,11,Celta de Vigo,46,12,10,16,43,43
11,2022,12,Rayo Vallecano,42,11,9,18,39,50
12,2022,13,Elche,42,11,9,18,40,52
13,2022,14,Espanyol,42,10,12,16,40,53
14,2022,15,Getafe,39,8,15,15,33,41
15,2022,16,Mallorca,39,10,9,19,36,63
16,2022,17,Cádiz,39,8,15,15,35,51
17,2022,18,Granada,38,8,14,16,44,61
18,2022,19,Levante,35,8,11,19,51,76
19,2022,20,Alavés,31,8,7,23,31,65
20,2021,1,Atlético de Madrid,86,26,8,4,67,25
21,2021,2,Real Madrid,84,25,9,4,67,28
22,2021,3,Barcelona,79,24,7,7,85,38
23,2021,4,Sevilla,77,24,5,9,53,33
24,2021,5,Real Sociedad,62,17,11,10,59,38
25,2021,6,Betis,61,17,10,11,50,50
26,2021,7,Villarreal,58,15,13,10,60,44
27,2021,8,Celta de Vigo,53,14,11,13,55,57
28,2021,9,Granada,46,13,7,18,47,65
29,2021,10,Athletic Club,46,11,13,14,46,42
30,2021,11,Osasuna,44,11,11,16,37,48
31,2021,12,Cádiz,44,11,11,16,36,58
32,2021,13,Valencia,43,10,13,15,50,53
33,2021,14,Levante,41,9,14,15,46,57
34,2021,15,Getafe,38,9,11,18,28,43
35,2021,16,Alavés,38,9,11,18,36,57
36,2021,17,Elche,36,8,12,18,34,55
37,2021,18,Huesca,34,7,13,18,34,53
38,2021,19,Valladolid,31,5,16,17,34,57
39,2021,20,Eibar,30,6,12,20,29,52
40,2020,1,Real Madrid,87,26,9,3,70,25
41,2020,2,Barcelona,82,25,7,6,86,38
42,2020,3,Atlético de Madrid,70,18,16,4,51,27
43,2020,4,Sevilla,70,19,13,6,54,34
44,2020,5,Villarreal,60,18,6,14,63,49
45,2020,6,Real Sociedad,56,16,8,14,56,48
46,2020,7,Granada,56,16,8,14,52,45
47,2020,8,Getafe,54,14,12,12,43,37
48,2020,9,Valencia,53,14,11,13,46,53
49,2020,10,Osasuna,52,13,13,12,46,54
50,2020,11,Athletic Club,51,13,12,13,41,38
51,2020,12,Levante,49,14,7,17,47,53
52,2020,13,Valladolid,42,9,15,14,32,43
53,2020,14,Eibar,42,11,9,18,39,56
54,2020,15,Betis,41,10,11,17,48,60
55,2020,16,Alavés,39,10,9,19,34,59
56,2020,17,Celta de Vigo,37,7,16,15,37,49
57,2020,18,Leganés,36,8,12,18,30,51
58,2020,19,Mallorca,33,9,6,23,40,65
59,2020,20,Espanyol,25,5,10,23,27,58
60,2019,1,Barcelona,87,26,9,3,90,36
61,2019,2,Atlético de Madrid,76,22,10,6,55,29
62,2019,3,Real Madrid,68,21,5,12,63,46
63,2019,4,Valencia,61,15,16,7,51,35
64,2019,5,Getafe,59,15,14,9,48,35
65,2019,6,Sevilla,59,17,8,13,62,47
66,2019,7,Espanyol,53,14,11,13,48,50
67,2019,8,Athletic Club,53,13,14,11,41,45
68,2019,9,Real Sociedad,50,13,11,14,45,46
69,2019,10,Betis,50,14,8,16,44,52
70,2019,11,Alavés,50,13,11,14,39,50
71,2019,12,Eibar,47,11,14,13,46,50
72,2019,13,Leganés,45,11,12,15,37,43
73,2019,14,Villarreal,44,10,14,14,49,52
74,2019,15,Levante,44,11,11,16,59,66
75,2019,16,Valladolid,41,10,11,17,32,51
76,2019,17,Celta de Vigo,41,10,11,17,53,62
77,2019,18,Girona,37,9,10,19,37,53
78,2019,19,Huesca,33,7,12,19,43,65
79,2019,20,Rayo Vallecano,32,8,8,22,41,70
80,2018,1,Barcelona,93,28,9,1,99,29
81,2018,2,Atlético de Madrid,79,23,10,5,58,22
82,2018,3,Real Madrid,76,22,10,6,94,44
83,2018,4,Valencia,73,22,7,9,65,38
84,2018,5,Villarreal,61,18,7,13,57,50
85,2018,6,Betis,60,18,6,14,60,61
86,2018,7,Sevilla,58,17,7,14,49,58
87,2018,8,Getafe,55,15,10,13,42,33
88,2018,9,Eibar,51,14,9,15,44,50
89,2018,10,Girona,51,14,9,15,50,59
90,2018,11,Espanyol,49,12,13,13,36,42
91,2018,12,Real Sociedad,49,14,7,17,66,59
92,2018,13,Celta de Vigo,49,13,10,15,59,60
93,2018,14,Alavés,47,15,2,21,40,50
94,2018,15,Levante,46,11,13,14,44,58
95,2018,16,Athletic Club,43,10,13,15,41,49
96,2018,17,Leganés,43,12,7,19,34,51
97,2018,18,Deportivo de La Coruña,29,6,11,21,38,76
98,2018,19,Las Palmas,22,5,7,26,24,74
99,2018,20,Málaga,20,5,5,28,24,61
100,2017,1,Real Madrid,93,29,6,3,106,41
101,2017,2,Barcelona,90,28,6,4,116,37
102,2017,3,Atlético de Madrid,78,23,9,6,70,27
103,2017,4,Sevilla,72,21,9,8,69,49
104,2017,5,Villarreal,67,19,10,9,56,33
105,2017,6,Real Sociedad,64,19,7,12,59,53
106,2017,7,Athletic Club,63,19,6,13,53,43
107,2017,8,Espanyol,56,15,11,12,49,50
108,2017,9,Alavés,55,14,13,11,41,43
109,2017,10,Eibar,54,15,9,14,56,51
110,2017,11,Málaga,46,12,10,16,49,55
111,2017,12,Valencia,46,13,7,18,56,65
112,2017,13,Celta de Vigo,45,13,6,19,53,69
113,2017,14,Las Palmas,39,10,9,19,53,74
114,2017,15,Betis,39,10,9,19,41,64
115,2017,16,Deportivo de La Coruña,36,8,12,18,43,61
116,2017,17,Leganés,35,8,11,19,36,55
117,2017,18,Sporting de Gijón,31,7,10,21,42,72
118,2017,19,Osasuna,22,4,10,24,40,94
119,2017,20,Granada,20,4,8,26,30,82
120,2016,1,Barcelona,91,29,4,5,112,29
121,2016,2,Real Madrid,90,28,6,4,110,34
122,2016,3,Atlético de Madrid,88,28,4,6,63,18
123,2016,4,Villarreal,64,18,10,10,44,35
124,2016,5,Athletic Club,62,18,8,12,58,45
125,2016,6,Celta de Vigo,60,17,9,12,51,59
126,2016,7,Sevilla,52,14,10,14,51,50
127,2016,8,Málaga,48,12,12,14,38,35
128,2016,9,Real Sociedad,48,13,9,16,45,48
129,2016,10,Betis,45,11,12,15,34,52
130,2016,11,Las Palmas,44,12,8,18,45,53
131,2016,12,Valencia,44,11,11,16,46,48
132,2016,13,Espanyol,43,12,7,19,40,74
133,2016,14,Eibar,43,11,10,17,49,61
134,2016,15,Deportivo de La Coruña,42,8,18,12,45,61
135,2016,16,Granada,39,10,9,19,46,69
136,2016,17,Sporting de Gijón,39,10,9,19,40,62
137,2016,18,Rayo Vallecano,38,9,11,18,52,73
138,2016,19,Getafe,36,9,9,20,37,67
139,2016,20,Levante,32,8,8,22,37,70
140,2015,1,Barcelona,94,30,4,4,110,21
141,2015,2,Real Madrid,92,30,2,6,118,38
142,2015,3,Atlético de Madrid,78,23,9,6,67,29
143,2015,4,Valencia,77,22,11,5,70,32
144,2015,5,Sevilla,76,23,7,8,71,45
145,2015,6,Villarreal,60,16,12,10,48,37
146,2015,7,Athletic Club,55,15,10,13,42,41
147,2015,8,Celta de Vigo,51,13,12,13,47,44
148,2015,9,Málaga,50,14,8,16,42,48
149,2015,10,Espanyol,49,13,10,15,47,51
150,2015,11,Rayo Vallecano,49,15,4,19,46,68
151,2015,12,Real Sociedad,46,11,13,14,44,51
152,2015,13,Elche,41,11,8,19,35,62
153,2015,14,Levante,37,9,10,19,34,67
154,2015,15,Getafe,37,10,7,21,33,64
155,2015,16,Deportivo de La Coruña,35,7,14,17,35,60
156,2015,17,Granada,35,7,14,17,29,64
157,2015,18,Eibar,35,9,8,21,34,55
158,2015,19,Almería,29,8,8,22,35,64
159,2015,20,Córdoba,20,3,11,24,22,68
160,2014,1,Atlético de Madrid,90,28,6,4,77,26
161,2014,2,Barcelona,87,27,6,5,100,33
162,2014,3,Real Madrid,87,27,6,5,104,38
163,2014,4,Athletic Club,70,20,10,8,66,39
164,2014,5,Sevilla,63,18,9,11,69,52
165,2014,6,Villarreal,59,17,8,13,60,44
166,2014,7,Real Sociedad,59,16,11,11,62,55
167,2014,8,Valencia,49,13,10,15,51,53
168,2014,9,Celta de Vigo,49,14,7,17,49,54
169,2014,10,Levante,48,12,12,14,35,43
170,2014,11,Málaga,45,12,9,17,39,46
171,2014,12,Rayo Vallecano,43,13,4,21,46,80
172,2014,13,Getafe,42,11,9,18,35,54
173,2014,14,Espanyol,42,11,9,18,41,51
174,2014,15,Granada,41,12,5,21,32,56
175,2014,16,Elche,40,9,13,16,30,50
176,2014,17,Almería,40,11,7,20,43,71
177,2014,18,Osasuna,39,10,9,19,32,62
178,2014,19,Valladolid,36,7,15,16,38,60
179,2014,20,Betis,25,6,7,25,36,78
180,2013,1,Barcelona,100,32,4,2,115,40
181,2013,2,Real Madrid,85,26,7,5,103,42
182,2013,3,Atlético de Madrid,76,23,7,8,65,31
183,2013,4,Real Sociedad,66,18,12,8,70,49
184,2013,5,Valencia,65,19,8,11,67,54
185,2013,6,Málaga,57,16,9,13,53,50
186,2013,7,Betis,56,16,8,14,57,56
187,2013,8,Rayo Vallecano,53,16,5,17,50,66
188,2013,9,Sevilla,50,14,8,16,58,54
189,2013,10,Getafe,47,13,8,17,43,57
190,2013,11,Levante,46,12,10,16,40,57
191,2013,12,Athletic Club,45,12,9,17,44,65
192,2013,13,Espanyol,44,11,11,16,43,52
193,2013,14,Valladolid,43,11,10,17,49,58
194,2013,15,Granada,42,11,9,18,37,54
195,2013,16,Osasuna,39,10,9,19,33,50
196,2013,17,Celta de Vigo,37,10,7,21,37,52
197,2013,18,Mallorca,36,9,9,20,43,72
198,2013,19,Deportivo de La Coruña,35,8,11,19,47,70
199,2013,20,Zaragoza,34,9,7,22,37,62
200,2012,1,Real Madrid,100,32,4,2,121,32
201,2012,2,Barcelona,91,28,7,3,114,29
202,2012,3,Valencia,61,17,10,11,59,44
203,2012,4,Málaga,58,17,7,14,54,53
204,2012,5,Atlético de Madrid,56,15,11,12,53,46
205,2012,6,Levante,55,16,7,15,54,50
206,2012,7,Osasuna,54,13,15,10,44,61
207,2012,8,Mallorca,52,14,10,14,42,46
208,2012,9,Sevilla,50,13,11,14,48,47
209,2012,10,Athletic Club,49,12,13,13,49,52
210,2012,11,Getafe,47,12,11,15,40,51
211,2012,12,Real Sociedad,47,12,11,15,46,52
212,2012,13,Betis,47,13,8,17,47,56
213,2012,14,Espanyol,46,12,10,16,46,56
214,2012,15,Rayo Vallecano,43,13,4,21,53,73
215,2012,16,Zaragoza,43,12,7,19,36,61
216,2012,17,Granada,42,12,6,20,35,56
217,2012,18,Villarreal,41,9,14,15,39,53
218,2012,19,Sporting de Gijón,37,10,7,21,42,69
219,2012,20,Racing de Santander,27,4,15,19,28,63
220,2011,1,Barcelona,96,30,6,2,95,21
221,2011,2,Real Madrid,92,29,5,4,102,33
222,2011,3,Valencia,71,21,8,9,64,44
223,2011,4,Villarreal,62,18,8,12,54,44
224,2011,5,Sevilla,58,17,7,14,62,61
225,2011,6,Athletic Club,58,18,4,16,59,55
226,2011,7,Atlético de Madrid,58,17,7,14,62,53
227,2011,8,Espanyol,49,15,4,19,46,55
228,2011,9,Osasuna,47,13,8,17,45,46
229,2011,10,Sporting de Gijón,47,11,14,13,35,42
230,2011,11,Málaga,46,13,7,18,54,68
231,2011,12,Racing de Santander,46,12,10,16,41,56
232,2011,13,Zaragoza,45,12,9,17,40,53
233,2011,14,Levante,45,12,9,17,41,52
234,2011,15,Real Sociedad,45,14,3,21,49,66
235,2011,16,Getafe,44,12,8,18,49,60
236,2011,17,Mallorca,44,12,8,18,41,56
237,2011,18,Deportivo de La Coruña,43,10,13,15,31,47
238,2011,19,Hércules,35,9,8,21,36,60
239,2011,20,Almería,30,6,12,20,36,70
240,2010,1,Barcelona,99,31,6,1,98,24
241,2010,2,Real Madrid,96,31,3,4,102,35
242,2010,3,Valencia,71,21,8,9,59,40
243,2010,4,Sevilla,63,19,6,13,65,49
244,2010,5,Mallorca,62,18,8,12,59,44
245,2010,6,Getafe,58,17,7,14,58,48
246,2010,7,Villarreal,56,16,8,14,58,57
247,2010,8,Athletic Club,54,15,9,14,50,53
248,2010,9,Atlético de Madrid,47,13,8,17,57,61
249,2010,10,Deportivo de La Coruña,47,13,8,17,35,49
250,2010,11,Espanyol,44,11,11,16,29,46
251,2010,12,Osasuna,43,11,10,17,37,46
252,2010,13,Almería,42,10,12,16,43,55
253,2010,14,Zaragoza,41,10,11,17,46,64
254,2010,15,Sporting de Gijón,40,9,13,16,36,51
255,2010,16,Racing de Santander,39,9,12,17,42,59
256,2010,17,Málaga,37,7,16,15,42,48
257,2010,18,Valladolid,36,7,15,16,37,62
258,2010,19,Tenerife,36,9,9,20,40,74
259,2010,20,Xerez,34,8,10,20,38,66
260,2009,1,Barcelona,87,27,6,5,105,35
261,2009,2,Real Madrid,78,25,3,10,83,52
262,2009,3,Sevilla,70,21,7,10,54,39
263,2009,4,Atlético de Madrid,67,20,7,11,80,57
264,2009,5,Villarreal,65,18,11,9,61,54
265,2009,6,Valencia,62,18,8,12,68,54
266,2009,7,Deportivo de La Coruña,58,16,10,12,48,47
267,2009,8,Málaga,55,15,10,13,55,59
268,2009,9,Mallorca,51,14,9,15,53,60
269,2009,10,Espanyol,47,12,11,15,46,49
270,2009,11,Almería,46,13,7,18,45,61
271,2009,12,Racing de Santander,46,12,10,16,49,48
272,2009,13,Athletic Club,44,12,8,18,47,62
273,2009,14,Sporting de Gijón,43,14,1,23,47,79
274,2009,15,Osasuna,43,10,13,15,41,47
275,2009,16,Valladolid,43,12,7,19,46,58
276,2009,17,Getafe,42,10,12,16,50,56
277,2009,18,Betis,42,10,12,16,51,58
278,2009,19,Numancia,35,10,5,23,38,69
279,2009,20,Recreativo de Huelva,33,8,9,21,34,57
280,2008,1,Real Madrid,85,27,4,7,84,36
281,2008,2,Villarreal,77,24,5,9,63,40
282,2008,3,Barcelona,67,19,10,9,76,43
283,2008,4,Atlético de Madrid,64,19,7,12,66,47
284,2008,5,Sevilla,64,20,4,14,75,49
285,2008,6,Racing de Santander,60,17,9,12,42,41
286,2008,7,Mallorca,59,15,14,9,69,54
287,2008,8,Almería,52,14,10,14,42,45
288,2008,9,Deportivo de La Coruña,52,15,7,16,46,47
289,2008,10,Valencia,51,15,6,17,48,62
290,2008,11,Athletic Club,50,13,11,14,40,43
291,2008,12,Espanyol,48,13,9,16,43,53
292,2008,13,Betis,47,12,11,15,45,51
293,2008,14,Getafe,47,12,11,15,44,48
294,2008,15,Valladolid,45,11,12,15,42,57
295,2008,16,Recreativo de Huelva,44,11,11,16,40,60
296,2008,17,Osasuna,43,12,7,19,37,44
297,2008,18,Zaragoza,42,10,12,16,50,61
298,2008,19,Murcia,30,7,9,22,36,65
299,2008,20,Levante,26,7,5,26,33,75
300,2007,1,Real Madrid,76,23,7,8,66,40
301,2007,2,Barcelona,76,22,10,6,78,33
302,2007,3,Sevilla,71,21,8,9,64,35
303,2007,4,Valencia,66,20,6,12,57,42
304,2007,5,Villarreal,62,18,8,12,48,44
305,2007,6,Zaragoza,60,16,12,10,55,43
306,2007,7,Atlético de Madrid,60,17,9,12,46,39
307,2007,8,Recreativo de Huelva,54,15,9,14,54,52
308,2007,9,Getafe,52,14,10,14,39,33
309,2007,10,Racing de Santander,50,12,14,12,42,48
310,2007,11,Espanyol,49,12,13,13,46,53
311,2007,12,Mallorca,49,14,7,17,41,47
312,2007,13,Deportivo de La Coruña,47,12,11,15,32,45
313,2007,14,Osasuna,46,13,7,18,51,49
314,2007,15,Levante,42,10,12,16,37,53
315,2007,16,Betis,40,8,16,14,36,49
316,2007,17,Athletic Club,40,10,10,18,44,62
317,2007,18,Celta de Vigo,39,10,9,19,40,59
318,2007,19,Real Sociedad,35,8,11,19,32,47
319,2007,20,Gimnàstic de Tarragona,28,7,7,24,34,69
320,2006,1,Barcelona,82,25,7,6,80,35
321,2006,2,Real Madrid,70,20,10,8,70,40
322,2006,3,Valencia,69,19,12,7,58,33
323,2006,4,Osasuna,68,21,5,12,49,43
324,2006,5,Sevilla,68,20,8,10,54,39
325,2006,6,Celta de Vigo,64,20,4,14,45,33
326,2006,7,Villarreal,57,14,15,9,50,39
327,2006,8,Deportivo de La Coruña,55,15,10,13,47,45
328,2006,9,Getafe,54,15,9,14,54,49
329,2006,10,Atlético de Madrid,52,13,13,12,45,37
330,2006,11,Zaragoza,46,10,16,12,46,51
331,2006,12,Athletic Club,45,11,12,15,40,46
332,2006,13,Mallorca,43,10,13,15,37,51
333,2006,14,Betis,42,10,12,16,34,51
334,2006,15,Espanyol,41,10,11,17,36,56
335,2006,16,Real Sociedad,40,11,7,20,48,65
336,2006,17,Racing de Santander,40,9,13,16,36,49
337,2006,18,Alavés,39,9,12,17,35,54
338,2006,19,Cádiz,36,8,12,18,36,52
339,2006,20,Málaga,24,5,9,24,36,68
340,2005,1,Barcelona,84,25,9,4,73,29
341,2005,2,Real Madrid,80,25,5,8,71,32
342,2005,3,Villarreal,65,18,11,9,69,37
343,2005,4,Betis,62,16,14,8,62,50
344,2005,5,Espanyol,61,17,10,11,54,46
345,2005,6,Sevilla,60,17,9,12,44,41
346,2005,7,Valencia,58,14,16,8,54,39
347,2005,8,Deportivo de La Coruña,51,12,15,11,46,50
348,2005,9,Athletic Club,51,14,9,15,59,54
349,2005,10,Málaga,51,15,6,17,40,48
350,2005,11,Atlético de Madrid,50,13,11,14,40,34
351,2005,12,Zaragoza,50,14,8,16,52,57
352,2005,13,Getafe,47,12,11,15,38,46
353,2005,14,Real Sociedad,47,13,8,17,47,56
354,2005,15,Osasuna,46,12,10,16,46,65
355,2005,16,Racing de Santander,44,12,8,18,41,58
356,2005,17,Mallorca,39,10,9,19,42,63
357,2005,18,Levante,37,9,10,19,39,58
358,2005,19,Numancia,29,6,11,21,30,61
359,2005,20,Albacete,28,6,10,22,33,56
360,2004,1,Valencia,77,23,8,7,71,27
361,2004,2,Barcelona,72,21,9,8,63,39
362,2004,3,Deportivo de La Coruña,71,21,8,9,60,34
363,2004,4,Real Madrid,70,21,7,10,72,54
364,2004,5,Athletic Club,56,15,11,12,53,49
365,2004,6,Sevilla,55,15,10,13,56,45
366,2004,7,Atlético de Madrid,55,15,10,13,51,53
367,2004,8,Villarreal,54,15,9,14,47,49
368,2004,9,Betis,52,13,13,12,46,43
369,2004,10,Málaga,51,15,6,17,50,55
370,2004,11,Mallorca,51,15,6,17,54,66
371,2004,12,Zaragoza,48,13,9,16,46,55
372,2004,13,Osasuna,48,11,15,12,38,37
373,2004,14,Albacete,47,13,8,17,40,48
374,2004,15,Real Sociedad,46,11,13,14,49,53
375,2004,16,Espanyol,43,13,4,21,48,64
376,2004,17,Racing de Santander,42,11,10,17,48,63
377,2004,18,Valladolid,41,10,11,17,46,56
378,2004,19,Celta de Vigo,39,9,12,17,48,68
379,2004,20,Murcia,26,5,11,22,29,57
380,2003,1,Real Madrid,78,22,12,4,86,42
381,2003,2,Real Sociedad,76,22,10,6,71,45
382,2003,3,Deportivo de La Coruña,72,22,6,10,67,47
383,2003,4,Celta de Vigo,61,17,10,11,45,36
384,2003,5,Valencia,60,17,9,12,56,35
385,2003,6,Barcelona,56,15,11,12,63,47
386,2003,7,Athletic Club,55,15,10,13,63,61
387,2003,8,Betis,54,14,12,12,56,53
388,2003,9,Mallorca,52,14,10,14,49,56
389,2003,10,Sevilla,50,13,11,14,38,39
390,2003,11,Osasuna,47,12,11,15,40,48
391,2003,12,Atlético de Madrid,47,12,11,15,51,56
392,2003,13,Málaga,46,11,13,14,44,49
393,2003,14,Valladolid,46,12,10,16,37,40
394,2003,15,Villarreal,45,11,12,15,44,53
395,2003,16,Racing de Santander,44,13,5,20,54,64
396,2003,17,Espanyol,43,10,13,15,48,54
397,2003,18,Recreativo de Huelva,36,8,12,18,35,61
398,2003,19,Alavés,35,8,11,19,38,68
399,2003,20,Rayo Vallecano,32,7,11,20,31,62
400,2002,1,Valencia,75,21,12,5,51,27
401,2002,2,Deportivo de La Coruña,68,20,8,10,65,41
402,2002,3,Real Madrid,66,19,9,10,69,44
403,2002,4,Barcelona,64,18,10,10,65,37
404,2002,5,Celta de Vigo,60,16,12,10,64,46
405,2002,6,Betis,59,15,14,9,42,34
406,2002,7,Alavés,54,17,3,18,41,44
407,2002,8,Sevilla,53,14,11,13,51,40
408,2002,9,Athletic Club,53,14,11,13,54,66
409,2002,10,Málaga,53,13,14,11,44,44
410,2002,11,Rayo Vallecano,49,13,10,15,46,52
411,2002,12,Valladolid,48,13,9,16,45,58
412,2002,13,Real Sociedad,47,13,8,17,48,54
413,2002,14,Espanyol,47,13,8,17,47,56
414,2002,15,Villarreal,43,11,10,17,46,55
415,2002,16,Mallorca,43,11,10,17,40,52
416,2002,17,Osasuna,42,10,12,16,36,49
417,2002,18,Las Palmas,40,9,13,16,40,50
418,2002,19,Tenerife,38,10,8,20,32,58
419,2002,20,Zaragoza,37,9,10,19,35,54
420,2001,1,Real Madrid,80,24,8,6,81,40
421,2001,2,Deportivo de La Coruña,73,22,7,9,73,44
422,2001,3,Mallorca,71,20,11,7,61,43
423,2001,4,Barcelona,63,17,12,9,80,57
424,2001,5,Valencia,63,18,9,11,55,34
425,2001,6,Celta de Vigo,59,16,11,11,51,49
426,2001,7,Villarreal,57,16,9,13,58,52
427,2001,8,Málaga,56,16,8,14,60,61
428,2001,9,Espanyol,50,14,8,16,46,44
429,2001,10,Alavés,49,14,7,17,58,59
430,2001,11,Las Palmas,46,13,7,18,42,62
431,2001,12,Athletic Club,43,11,10,17,44,60
432,2001,13,Real Sociedad,43,11,10,17,52,68
433,2001,14,Rayo Vallecano,43,10,13,15,56,68
434,2001,15,Osasuna,42,10,12,16,43,54
435,2001,16,Valladolid,42,9,15,14,42,50
436,2001,17,Zaragoza,42,9,15,14,54,57
437,2001,18,Oviedo,41,11,8,19,51,67
438,2001,19,Racing de Santander,39,10,9,19,48,62
439,2001,20,Numancia,39,10,9,19,40,64
440,2000,1,Deportivo de La Coruña,69,21,6,11,66,44
441,2000,2,Barcelona,64,19,7,12,70,46
442,2000,3,Valencia,64,18,10,10,59,39
443,2000,4,Zaragoza,63,16,15,7,60,40
444,2000,5,Real Madrid,62,16,14,8,58,48
445,2000,6,Alavés,61,17,10,11,41,37
446,2000,7,Celta de Vigo,53,15,8,15,45,43
447,2000,8,Valladolid,53,14,11,13,36,44
448,2000,9,Rayo Vallecano,52,15,7,16,51,53
449,2000,10,Mallorca,51,14,9,15,52,45
450,2000,11,Athletic Club,50,12,14,12,47,57
451,2000,12,Málaga,48,11,15,12,55,50
452,2000,13,Real Sociedad,47,11,14,13,42,49
453,2000,14,Espanyol,47,12,11,15,51,48
454,2000,15,Racing de Santander,46,10,16,12,52,50
455,2000,16,Oviedo,45,11,12,15,44,60
456,2000,17,Numancia,45,11,12,15,47,59
457,2000,18,Betis,42,11,9,18,33,56
458,2000,19,Atlético de Madrid,38,9,11,18,48,64
459,2000,20,Sevilla,28,5,13,20,42,67
460,1999,1,Barcelona,79,24,7,7,87,43
461,1999,2,Real Madrid,68,21,5,12,77,62
462,1999,3,Mallorca,66,20,6,12,48,31
463,1999,4,Valencia,65,19,8,11,63,39
464,1999,5,Celta de Vigo,64,17,13,8,69,41
465,1999,6,Deportivo de La Coruña,63,17,12,9,55,43
466,1999,7,Espanyol,61,16,13,9,49,38
467,1999,8,Athletic Club,60,17,9,12,53,47
468,1999,9,Zaragoza,57,16,9,13,57,46
469,1999,10,Real Sociedad,54,14,12,12,47,43
470,1999,11,Betis,49,14,7,17,47,58
471,1999,12,Valladolid,48,13,9,16,35,44
472,1999,13,Atlético de Madrid,46,12,10,16,54,50
473,1999,14,Oviedo,45,11,12,15,41,57
474,1999,15,Racing de Santander,42,10,12,16,41,53
475,1999,16,Alavés,40,11,7,20,36,63
476,1999,17,Extremadura,39,9,12,17,27,53
477,1999,18,Villarreal,36,8,12,18,47,63
478,1999,19,Tenerife,34,7,13,18,41,63
479,1999,20,Salamanca,27,7,6,25,29,66
480,1998,1,Barcelona,74,23,5,10,78,56
481,1998,2,Athletic Club,65,17,14,7,52,42
482,1998,3,Real Sociedad,63,16,15,7,60,37
483,1998,4,Real Madrid,63,17,12,9,63,45
484,1998,5,Mallorca,60,16,12,10,55,39
485,1998,6,Celta de Vigo,60,17,9,12,54,47
486,1998,7,Atlético de Madrid,60,16,12,10,79,56
487,1998,8,Betis,59,17,8,13,49,50
488,1998,9,Valencia,55,16,7,15,58,52
489,1998,10,Espanyol,53,12,17,9,44,31
490,1998,11,Valladolid,50,13,11,14,36,47
491,1998,12,Deportivo de La Coruña,49,12,13,13,44,46
492,1998,13,Zaragoza,48,12,12,14,45,53
493,1998,14,Racing de Santander,45,12,9,17,46,55
494,1998,15,Salamanca,45,12,9,17,46,46
495,1998,16,Tenerife,45,11,12,15,44,57
496,1998,17,Compostela,44,11,11,16,56,66
497,1998,18,Oviedo,40,9,13,16,36,51
498,1998,19,Mérida,39,9,12,17,33,53
499,1998,20,Sporting de Gijón,13,2,7,29,31,80
500,1997,1,Real Madrid,92,27,11,4,85,36
501,1997,2,Barcelona,90,28,6,8,102,48
502,1997,3,Deportivo de La Coruña,77,21,14,7,57,30
503,1997,4,Betis,77,21,14,7,81,46
504,1997,5,Atlético de Madrid,71,20,11,11,76,64
505,1997,6,Athletic Club,64,16,16,10,72,57
506,1997,7,Valladolid,64,18,10,14,57,46
507,1997,8,Real Sociedad,63,18,9,15,50,47
508,1997,9,Tenerife,56,15,11,16,69,57
509,1997,10,Valencia,56,15,11,16,63,59
510,1997,11,Compostela,53,13,14,15,52,65
511,1997,12,Espanyol,51,14,9,19,51,57
512,1997,13,Racing de Santander,50,11,17,14,52,54
513,1997,14,Zaragoza,50,12,14,16,58,66
514,1997,15,Sporting de Gijón,50,13,11,18,45,63
515,1997,16,Celta de Vigo,49,12,13,17,51,54
516,1997,17,Oviedo,48,12,12,18,49,65
517,1997,18,Rayo Vallecano,45,13,6,23,43,62
518,1997,19,Extremadura,44,11,11,20,35,64
519,1997,20,Sevilla,43,12,7,23,50,69
520,1997,21,Hércules,41,12,5,25,40,77
521,1997,22,Logroñés,33,9,6,27,33,85
522,1996,1,Atlético de Madrid,87,26,9,7,75,32
523,1996,2,Valencia,83,26,5,11,77,51
524,1996,3,Barcelona,80,22,14,6,72,39
525,1996,4,Espanyol,74,20,14,8,63,36
526,1996,5,Tenerife,72,20,12,10,69,54
527,1996,6,Real Madrid,70,20,10,12,75,51
528,1996,7,Real Sociedad,63,17,12,13,62,53
529,1996,8,Betis,62,16,14,12,61,54
530,1996,9,Deportivo de La Coruña,61,16,13,13,63,44
531,1996,10,Compostela,59,17,8,17,47,54
532,1996,11,Celta de Vigo,52,12,16,14,49,51
533,1996,12,Sevilla,48,11,15,16,43,55
534,1996,13,Zaragoza,48,11,15,16,51,59
535,1996,14,Oviedo,48,12,12,18,48,67
536,1996,15,Athletic Club,48,11,15,16,44,55
537,1996,16,Valladolid,47,11,14,17,57,62
538,1996,17,Racing de Santander,47,11,14,17,47,69
539,1996,18,Sporting de Gijón,46,13,7,22,51,60
540,1996,19,Rayo Vallecano,44,12,8,22,47,75
541,1996,20,Albacete,42,10,12,20,55,81
542,1996,21,Mérida,42,10,12,20,37,62
543,1996,22,Salamanca,33,8,9,25,53,82
544,1995,1,Real Madrid,55,23,9,6,76,29
545,1995,2,Deportivo de La Coruña,51,20,11,7,68,32
546,1995,3,Betis,46,15,16,7,46,25
547,1995,4,Barcelona,46,18,10,10,60,45
548,1995,5,Sevilla,43,16,11,11,55,41
549,1995,6,Espanyol,43,14,15,9,51,35
550,1995,7,Zaragoza,43,18,7,13,56,51
551,1995,8,Athletic Club,42,16,10,12,39,42
552,1995,9,Oviedo,39,13,13,12,45,42
553,1995,10,Valencia,38,13,12,13,53,48
554,1995,11,Real Sociedad,38,12,14,12,56,44
555,1995,12,Racing de Santander,36,13,10,15,42,47
556,1995,13,Celta de Vigo,36,11,14,13,36,48
557,1995,14,Atlético de Madrid,35,13,9,16,56,54
558,1995,15,Tenerife,35,13,9,16,57,57
559,1995,16,Compostela,34,11,12,15,44,56
560,1995,17,Albacete,34,10,14,14,44,61
561,1995,18,Sporting de Gijón,28,8,12,18,42,67
562,1995,19,Valladolid,25,8,9,21,25,63
563,1995,20,Logroñés,13,2,9,27,15,79
564,1994,1,Barcelona,56,25,6,7,91,42
565,1994,2,Deportivo de La Coruña,56,22,12,4,54,18
566,1994,3,Zaragoza,46,19,8,11,71,47
567,1994,4,Real Madrid,45,19,7,12,61,50
568,1994,5,Athletic Club,43,16,11,11,61,47
569,1994,6,Sevilla,42,15,12,11,56,42
570,1994,7,Valencia,40,14,12,12,55,50
571,1994,8,Racing de Santander,38,15,8,15,44,42
572,1994,9,Oviedo,37,12,13,13,43,49
573,1994,10,Tenerife,36,15,6,17,50,57
574,1994,11,Real Sociedad,36,12,12,14,39,47
575,1994,12,Atlético de Madrid,35,13,9,16,54,54
576,1994,13,Albacete,35,10,15,13,49,58
577,1994,14,Sporting de Gijón,35,15,5,18,42,57
578,1994,15,Celta de Vigo,33,11,11,16,41,51
579,1994,16,Logroñés,33,9,15,14,47,58
580,1994,17,Rayo Vallecano,31,9,13,16,40,58
581,1994,18,Valladolid,30,8,14,16,28,51
582,1994,19,Lleida,27,7,13,18,29,48
583,1994,20,Osasuna,26,8,10,20,34,63
584,1993,1,Barcelona,58,25,8,5,87,34
585,1993,2,Real Madrid,57,24,9,5,75,28
586,1993,3,Deportivo de La Coruña,54,22,10,6,67,33
587,1993,4,Valencia,48,19,10,9,60,33
588,1993,5,Tenerife,44,15,14,9,59,47
589,1993,6,Atlético de Madrid,43,16,11,11,52,42
590,1993,7,Sevilla,43,17,9,12,46,44
591,1993,8,Athletic Club,40,17,6,15,53,49
592,1993,9,Zaragoza,35,11,13,14,37,52
593,1993,10,Osasuna,34,12,10,16,42,41
594,1993,11,Celta de Vigo,34,9,16,13,25,32
595,1993,12,Sporting de Gijón,34,11,12,15,38,57
596,1993,13,Real Sociedad,34,13,8,17,46,59
597,1993,14,Rayo Vallecano,33,8,17,13,40,49
598,1993,15,Logroñés,33,11,11,16,32,48
599,1993,16,Oviedo,32,11,10,17,42,52
600,1993,17,Albacete,31,11,9,18,54,59
601,1993,18,Espanyol,29,9,11,18,40,56
602,1993,19,Cádiz,22,5,12,21,30,70
603,1993,20,Real Burgos,22,4,14,20,29,69
604,1992,1,Barcelona,55,23,9,6,87,37
605,1992,2,Real Madrid,54,23,8,7,78,32
606,1992,3,Atlético de Madrid,53,24,5,9,67,35
607,1992,4,Valencia,47,20,7,11,63,42
608,1992,5,Real Sociedad,44,16,12,10,44,38
609,1992,6,Zaragoza,41,17,7,14,40,41
610,1992,7,Albacete,40,16,8,14,45,47
611,1992,8,Sporting de Gijón,38,15,8,15,37,43
612,1992,9,Real Burgos,37,12,13,13,40,43
613,1992,10,Logroñés,36,13,10,15,36,51
614,1992,11,Oviedo,36,14,8,16,41,46
615,1992,12,Sevilla,34,13,8,17,48,45
616,1992,13,Tenerife,34,12,10,16,46,50
617,1992,14,Athletic Club,33,13,7,18,38,58
618,1992,15,Osasuna,33,10,13,15,30,40
619,1992,16,Espanyol,32,12,8,18,43,60
620,1992,17,Deportivo de La Coruña,31,8,15,15,37,48
621,1992,18,Cádiz,28,7,14,17,32,55
622,1992,19,Valladolid,27,7,13,18,31,53
623,1992,20,Mallorca,27,10,7,21,30,49
624,1991,1,Barcelona,57,25,7,6,74,33
625,1991,2,Atlético de Madrid,47,17,13,8,52,28
626,1991,3,Real Madrid,46,20,6,12,63,37
627,1991,4,Osasuna,45,15,15,8,43,34
628,1991,5,Sporting de Gijón,44,16,12,10,50,37
629,1991,6,Oviedo,42,13,16,9,36,35
630,1991,7,Valencia,40,15,10,13,44,40
631,1991,8,Sevilla,38,15,8,15,45,47
632,1991,9,Valladolid,37,12,13,13,38,40
633,1991,10,Logroñés,37,13,11,14,28,35
634,1991,11,Real Burgos,37,10,17,11,32,27
635,1991,12,Athletic Club,36,15,6,17,41,50
636,1991,13,Real Sociedad,36,11,14,13,39,45
637,1991,14,Tenerife,35,14,7,17,37,53
638,1991,15,Mallorca,34,9,16,13,32,40
639,1991,16,Espanyol,34,12,10,16,39,47
640,1991,17,Zaragoza,33,11,11,16,36,40
641,1991,18,Cádiz,29,7,15,16,29,41
642,1991,19,Castellón,28,8,12,18,27,48
643,1991,20,Betis,25,6,13,19,37,65
644,1990,1,Real Madrid,62,26,10,2,107,38
645,1990,2,Valencia,53,20,13,5,67,42
646,1990,3,Barcelona,51,23,5,10,83,39
647,1990,4,Atlético de Madrid,50,20,10,8,55,35
648,1990,5,Real Sociedad,44,15,14,9,43,35
649,1990,6,Sevilla,43,18,7,13,64,46
650,1990,7,Logroñés,41,18,5,15,47,51
651,1990,8,Osasuna,40,14,12,12,42,42
652,1990,9,Zaragoza,40,16,8,14,52,52
653,1990,10,Mallorca,39,11,17,10,36,34
654,1990,11,Oviedo,39,12,15,11,41,46
655,1990,12,Athletic Club,37,11,15,12,37,39
656,1990,13,Sporting de Gijón,34,12,10,16,37,34
657,1990,14,Castellón,32,9,14,15,30,48
658,1990,15,Cádiz,30,12,6,20,28,63
659,1990,16,Valladolid,30,8,14,16,31,41
660,1990,17,Málaga,28,9,10,19,23,50
661,1990,18,Tenerife,26,8,10,20,42,60
662,1990,19,Celta de Vigo,22,5,12,21,24,51
663,1990,20,Rayo Vallecano,19,6,7,25,32,75
664,1989,1,Real Madrid,62,25,12,1,91,37
665,1989,2,Barcelona,57,23,11,4,80,26
666,1989,3,Valencia,49,18,13,7,39,26
667,1989,4,Atlético de Madrid,46,19,8,11,69,45
668,1989,5,Zaragoza,43,15,13,10,48,42
669,1989,6,Valladolid,43,18,7,13,40,31
670,1989,7,Athletic Club,42,15,12,11,45,35
671,1989,8,Celta de Vigo,39,14,11,13,42,48
672,1989,9,Sevilla,38,13,12,13,38,39
673,1989,10,Osasuna,37,13,11,14,39,43
674,1989,11,Real Sociedad,36,11,14,13,38,47
675,1989,12,Oviedo,35,12,11,15,41,48
676,1989,13,Sporting de Gijón,35,13,9,16,42,42
677,1989,14,Logroñés,34,9,16,13,25,37
678,1989,15,Cádiz,33,9,15,14,31,41
679,1989,16,Málaga,33,12,9,17,39,53
680,1989,17,Espanyol,30,7,16,15,29,44
681,1989,18,Betis,29,9,11,18,36,55
682,1989,19,Murcia,24,9,6,23,27,58
683,1989,20,Elche,15,4,7,27,29,71
684,1988,1,Real Madrid,62,28,6,4,95,26
685,1988,2,Real Sociedad,51,22,7,9,61,33
686,1988,3,Atlético de Madrid,48,19,10,9,60,38
687,1988,4,Athletic Club,46,17,12,9,50,43
688,1988,5,Osasuna,40,15,10,13,40,34
689,1988,6,Barcelona,39,15,9,14,49,44
690,1988,7,Celta de Vigo,39,14,11,13,43,40
691,1988,8,Valladolid,38,13,12,13,31,34
692,1988,9,Sporting de Gijón,38,14,10,14,44,49
693,1988,10,Sevilla,37,13,11,14,41,46
694,1988,11,Zaragoza,36,11,14,13,54,56
695,1988,12,Cádiz,35,11,13,14,47,54
696,1988,13,Logroñés,33,12,9,17,28,45
697,1988,14,Valencia,33,10,13,15,44,53
698,1988,15,Espanyol,33,11,11,16,44,55
699,1988,16,Betis,33,14,5,19,42,54
700,1988,17,Murcia,31,9,13,16,31,42
701,1988,18,Mallorca,30,9,12,17,35,50
702,1988,19,Sabadell,29,9,11,18,27,48
703,1988,20,Las Palmas,29,12,5,21,43,65
704,1987,1,Real Madrid,66,27,12,5,84,37
705,1987,2,Barcelona,63,24,15,5,63,29
706,1987,3,Espanyol,51,20,11,13,66,46
707,1987,4,Sporting de Gijón,45,16,13,15,58,50
708,1987,5,Zaragoza,44,15,14,15,46,47
709,1987,6,Mallorca,42,15,12,17,48,65
710,1987,1,Atlético de Madrid,47,18,11,15,58,54
711,1987,2,Real Sociedad,47,19,9,16,59,54
712,1987,3,Betis,45,18,9,17,61,59
713,1987,4,Valladolid,41,15,11,18,42,45
714,1987,5,Murcia,41,17,7,20,50,63
715,1987,6,Sevilla,39,14,11,19,51,53
716,1987,1,Athletic Club,42,15,12,17,51,50
717,1987,2,Las Palmas,41,16,9,19,59,67
718,1987,3,Sabadell,38,12,14,18,38,59
719,1987,4,Osasuna,38,12,14,18,40,48
720,1987,5,Racing de Santander,33,12,9,23,46,66
721,1987,6,Cádiz,29,10,9,25,31,59
722,1986,1,Real Madrid,56,26,4,4,83,33
723,1986,2,Barcelona,45,18,9,7,61,36
724,1986,3,Athletic Club,43,17,9,8,44,31
725,1986,4,Zaragoza,42,15,12,7,51,34
726,1986,5,Atlético de Madrid,42,17,8,9,53,38
727,1986,6,Sporting de Gijón,41,13,15,6,37,27
728,1986,7,Real Sociedad,39,17,5,12,64,51
729,1986,8,Betis,35,11,13,10,40,40
730,1986,9,Sevilla,34,12,10,12,39,34
731,1986,10,Valladolid,32,13,6,15,54,48
732,1986,11,Espanyol,31,11,9,14,43,40
733,1986,12,Racing de Santander,31,10,11,13,33,34
734,1986,13,Las Palmas,27,9,9,16,37,65
735,1986,14,Osasuna,27,9,9,16,24,33
736,1986,15,Cádiz,26,9,8,17,30,58
737,1986,16,Valencia,25,8,9,17,38,62
738,1986,17,Hércules,22,8,6,20,35,62
739,1986,18,Celta de Vigo,14,5,4,25,32,72
740,1985,1,Barcelona,53,21,11,2,69,25
741,1985,2,Atlético de Madrid,43,16,11,7,51,28
742,1985,3,Athletic Club,41,13,15,6,39,26
743,1985,4,Sporting de Gijón,41,13,15,6,34,23
744,1985,5,Real Madrid,36,13,10,11,46,36
745,1985,6,Osasuna,34,13,8,13,38,38
746,1985,7,Real Sociedad,34,11,12,11,41,33
747,1985,8,Espanyol,34,11,12,11,40,44
748,1985,9,Valencia,33,9,15,10,40,37
749,1985,10,Zaragoza,33,11,11,12,39,39
750,1985,11,Racing de Santander,32,10,12,12,27,34
751,1985,12,Sevilla,31,10,11,13,29,41
752,1985,13,Valladolid,30,7,16,11,39,45
753,1985,14,Betis,30,11,8,15,37,43
754,1985,15,Hércules,30,9,12,13,28,45
755,1985,16,Málaga,29,7,15,12,23,36
756,1985,17,Elche,26,6,14,14,18,37
757,1985,18,Murcia,22,6,10,18,24,52
758,1984,1,Athletic Club,49,20,9,5,53,30
759,1984,2,Real Madrid,49,22,5,7,59,37
760,1984,3,Barcelona,48,20,8,6,62,28
761,1984,4,Atlético de Madrid,42,17,8,9,53,47
762,1984,5,Betis,38,17,4,13,45,40
763,1984,6,Real Sociedad,37,14,9,11,43,35
764,1984,7,Zaragoza,35,12,11,11,50,41
765,1984,8,Sevilla,34,13,8,13,42,43
766,1984,9,Málaga,33,11,11,12,41,35
767,1984,10,Espanyol,33,10,13,11,42,44
768,1984,11,Murcia,32,10,12,12,42,38
769,1984,12,Valencia,32,12,8,14,45,47
770,1984,13,Sporting de Gijón,30,11,8,15,38,47
771,1984,14,Valladolid,29,11,7,16,44,60
772,1984,15,Osasuna,28,11,6,17,30,44
773,1984,16,Cádiz,22,6,10,18,36,51
774,1984,17,Mallorca,21,3,15,16,27,56
775,1984,18,Salamanca,20,5,10,19,30,59
776,1983,1,Athletic Club,50,22,6,6,71,36
777,1983,2,Real Madrid,49,20,9,5,57,25
778,1983,3,Atlético de Madrid,46,20,6,8,56,38
779,1983,4,Barcelona,44,17,10,7,60,29
780,1983,5,Sevilla,42,15,12,7,44,31
781,1983,6,Zaragoza,40,17,6,11,59,39
782,1983,7,Real Sociedad,36,12,12,10,29,27
783,1983,8,Sporting de Gijón,33,9,15,10,31,32
784,1983,9,Espanyol,32,13,6,15,45,47
785,1983,10,Málaga,30,10,10,14,37,48
786,1983,11,Betis,30,9,12,13,42,45
787,1983,12,Valladolid,29,9,11,14,34,51
788,1983,13,Salamanca,28,10,8,16,31,48
789,1983,14,Osasuna,26,10,6,18,39,54
790,1983,15,Valencia,25,9,7,18,42,56
791,1983,16,Las Palmas,25,7,11,16,32,55
792,1983,17,Celta de Vigo,24,9,6,19,27,56
793,1983,18,Racing de Santander,23,9,5,20,44,63
794,1982,1,Real Sociedad,47,20,7,7,58,33
795,1982,2,Barcelona,45,19,7,8,75,40
796,1982,3,Real Madrid,44,18,8,8,57,34
797,1982,4,Athletic Club,40,18,4,12,63,41
798,1982,5,Valencia,39,17,5,12,54,46
799,1982,6,Betis,36,15,6,13,53,44
800,1982,7,Sevilla,35,15,5,14,52,39
801,1982,8,Atlético de Madrid,34,15,4,15,38,37
802,1982,9,Valladolid,34,13,8,13,40,53
803,1982,10,Osasuna,34,14,6,14,45,45
804,1982,11,Zaragoza,34,13,8,13,45,56
805,1982,12,Racing de Santander,32,12,8,14,41,52
806,1982,13,Espanyol,32,13,6,15,48,55
807,1982,14,Sporting de Gijón,29,10,9,15,38,44
808,1982,15,Las Palmas,29,11,7,16,41,53
809,1982,16,Cádiz,29,13,3,18,31,47
810,1982,17,Hércules,27,11,5,18,41,52
811,1982,18,Castellón,12,3,6,25,33,82
812,1981,1,Real Sociedad,45,19,7,8,52,29
813,1981,2,Real Madrid,45,20,5,9,66,37
814,1981,3,Atlético de Madrid,42,16,10,8,46,39
815,1981,4,Valencia,42,17,8,9,59,41
816,1981,5,Barcelona,41,18,5,11,66,41
817,1981,6,Betis,40,17,6,11,55,38
818,1981,7,Sporting de Gijón,38,14,10,10,58,40
819,1981,8,Sevilla,37,14,9,11,34,42
820,1981,9,Athletic Club,35,14,7,13,64,53
821,1981,10,Espanyol,34,14,6,14,37,42
822,1981,11,Osasuna,32,12,8,14,35,46
823,1981,12,Valladolid,31,9,13,12,40,46
824,1981,13,Hércules,30,10,10,14,42,48
825,1981,14,Zaragoza,29,9,11,14,31,44
826,1981,15,Las Palmas,28,12,4,18,47,61
827,1981,16,Murcia,23,8,7,19,35,49
828,1981,17,Salamanca,21,7,7,20,32,67
829,1981,18,AD Almería,19,6,7,21,30,66
830,1980,1,Real Madrid,53,22,9,3,70,33
831,1980,2,Real Sociedad,52,19,14,1,54,20
832,1980,3,Sporting de Gijón,39,16,7,11,47,34
833,1980,4,Barcelona,38,13,12,9,42,33
834,1980,5,Betis,36,12,12,10,42,40
835,1980,6,Valencia,36,12,12,10,50,42
836,1980,7,Athletic Club,35,15,5,14,52,44
837,1980,8,Sevilla,34,14,6,14,50,47
838,1980,9,AD Almería,33,10,11,12,41,50
839,1980,10,Zaragoza,33,13,7,14,43,40
840,1980,11,Salamanca,32,13,8,13,34,37
841,1980,12,Las Palmas,32,13,6,15,36,49
842,1980,13,Atlético de Madrid,31,10,11,13,38,44
843,1980,14,Espanyol,30,9,12,13,28,37
844,1980,15,Hércules,28,8,12,14,36,39
845,1980,16,Rayo Vallecano,26,9,8,17,46,61
846,1980,17,Burgos,20,5,10,19,29,61
847,1980,18,Málaga,19,8,6,19,28,55
848,1979,1,Real Madrid,47,16,15,3,61,36
849,1979,2,Sporting de Gijón,43,17,9,8,50,35
850,1979,3,Atlético de Madrid,41,14,13,7,55,37
851,1979,4,Real Sociedad,41,18,5,11,53,36
852,1979,5,Barcelona,38,16,6,12,69,37
853,1979,6,Las Palmas,37,14,9,11,49,43
854,1979,7,Valencia,35,14,7,13,44,39
855,1979,8,Espanyol,35,15,5,14,37,46
856,1979,9,Athletic Club,34,12,10,12,56,46
857,1979,10,Salamanca,34,13,8,13,36,40
858,1979,11,Sevilla,33,12,9,13,47,48
859,1979,12,Hércules,32,13,6,15,32,38
860,1979,13,Burgos,32,10,12,12,38,47
861,1979,14,Zaragoza,30,12,6,16,56,59
862,1979,15,Rayo Vallecano,29,9,11,14,31,54
863,1979,16,Celta de Vigo,28,9,10,15,35,55
864,1979,17,Racing de Santander,22,9,4,21,37,63
865,1979,18,Recreativo de Huelva,21,8,5,21,39,66
866,1978,1,Real Madrid,47,22,3,9,77,40
867,1978,2,Barcelona,41,16,9,9,49,29
868,1978,3,Athletic Club,40,16,8,10,62,36
869,1978,4,Valencia,39,16,7,11,54,33
870,1978,5,Sporting de Gijón,39,15,9,10,53,43
871,1978,6,Atlético de Madrid,36,16,4,14,61,52
872,1978,7,Las Palmas,35,12,11,11,43,41
873,1978,8,Sevilla,34,13,8,13,38,45
874,1978,9,Salamanca,34,14,6,14,37,40
875,1978,10,Rayo Vallecano,33,12,9,13,50,59
876,1978,11,Real Sociedad,33,12,9,13,52,46
877,1978,12,Burgos,31,10,11,13,33,47
878,1978,13,Racing de Santander,31,11,9,14,29,45
879,1978,14,Espanyol,30,12,6,16,48,60
880,1978,15,Hércules,30,10,10,14,32,40
881,1978,16,Betis,30,11,8,15,51,52
882,1978,17,Elche,27,11,5,18,44,66
883,1978,18,Cádiz,22,7,8,19,30,69
884,1977,1,Atlético de Madrid,46,19,8,7,62,33
885,1977,2,Barcelona,45,18,9,7,69,34
886,1977,3,Athletic Club,38,15,8,11,55,45
887,1977,4,Las Palmas,36,15,6,13,56,51
888,1977,5,Betis,36,15,6,13,42,42
889,1977,6,Espanyol,36,14,8,12,61,59
890,1977,7,Valencia,36,13,10,11,53,47
891,1977,8,Real Sociedad,34,13,8,13,54,41
892,1977,9,Real Madrid,34,12,10,12,57,53
893,1977,10,Sevilla,34,11,12,11,32,39
894,1977,11,Elche,33,11,11,12,45,47
895,1977,12,Salamanca,32,13,6,15,30,34
896,1977,13,Hércules,32,11,10,13,35,41
897,1977,14,Burgos,32,14,4,16,46,50
898,1977,15,Racing de Santander,31,12,7,15,41,62
899,1977,16,Zaragoza,30,10,10,14,42,51
900,1977,17,Celta de Vigo,29,9,11,14,22,40
901,1977,18,Málaga,18,6,6,22,27,60
902,1976,1,Real Madrid,48,20,8,6,54,26
903,1976,2,Barcelona,43,18,7,9,61,41
904,1976,3,Atlético de Madrid,42,18,6,10,60,38
905,1976,4,Espanyol,40,18,4,12,48,45
906,1976,5,Athletic Club,39,14,11,9,43,38
907,1976,6,Hércules,36,12,12,10,33,37
908,1976,7,Betis,35,15,5,14,34,50
909,1976,8,Real Sociedad,34,12,10,12,45,45
910,1976,9,Salamanca,34,12,10,12,31,33
911,1976,10,Valencia,32,12,8,14,43,41
912,1976,11,Sevilla,32,13,6,15,35,39
913,1976,12,Racing de Santander,32,14,4,16,45,56
914,1976,13,Las Palmas,30,12,6,16,39,43
915,1976,14,Zaragoza,30,11,8,15,45,43
916,1976,15,Elche,28,8,12,14,38,49
917,1976,16,Oviedo,27,11,5,18,41,45
918,1976,17,Granada,26,8,10,16,29,50
919,1976,18,Sporting de Gijón,24,7,10,17,41,46
920,1975,1,Real Madrid,50,20,10,4,66,34
921,1975,2,Zaragoza,38,15,8,11,58,47
922,1975,3,Barcelona,37,15,7,12,57,36
923,1975,4,Real Sociedad,36,12,12,10,37,32
924,1975,5,Hércules,36,11,14,9,37,36
925,1975,6,Atlético de Madrid,35,11,13,10,46,34
926,1975,7,Salamanca,35,10,15,9,33,29
927,1975,8,Elche,34,13,8,13,35,44
928,1975,9,Betis,34,14,6,14,35,41
929,1975,10,Athletic Club,33,13,7,14,40,42
930,1975,11,Espanyol,33,14,5,15,38,47
931,1975,12,Valencia,32,12,8,14,53,48
932,1975,13,Las Palmas,32,12,8,14,41,39
933,1975,14,Sporting de Gijón,32,11,10,13,40,40
934,1975,15,Granada,31,10,11,13,35,47
935,1975,16,Málaga,31,13,5,16,33,42
936,1975,17,Celta de Vigo,30,10,10,14,30,41
937,1975,18,Murcia,23,7,9,18,31,66
938,1974,1,Barcelona,50,21,8,5,75,24
939,1974,2,Atlético de Madrid,42,18,6,10,50,31
940,1974,3,Zaragoza,40,16,8,10,51,38
941,1974,4,Real Sociedad,39,16,7,11,46,45
942,1974,5,Athletic Club,37,15,7,12,35,31
943,1974,6,Granada,36,12,12,10,34,35
944,1974,7,Málaga,36,12,12,10,31,32
945,1974,8,Real Madrid,34,13,8,13,48,38
946,1974,9,Espanyol,34,13,8,13,34,38
947,1974,10,Valencia,33,13,7,14,41,33
948,1974,11,Las Palmas,33,14,5,15,28,35
949,1974,12,Celta de Vigo,30,12,6,16,43,49
950,1974,13,Sporting de Gijón,30,13,4,17,49,59
951,1974,14,Elche,29,11,7,16,25,33
952,1974,15,Murcia,29,10,9,15,27,37
953,1974,16,Castellón,29,9,11,14,28,46
954,1974,17,Racing de Santander,27,8,11,15,36,54
955,1974,18,Oviedo,24,9,6,19,29,52
956,1973,1,Atlético de Madrid,48,20,8,6,49,29
957,1973,2,Barcelona,46,18,10,6,41,21
958,1973,3,Espanyol,45,17,11,6,48,27
959,1973,4,Real Madrid,43,17,9,8,45,29
960,1973,5,Castellón,35,13,9,12,44,38
961,1973,6,Valencia,34,12,10,12,37,33
962,1973,7,Real Sociedad,34,13,8,13,37,39
963,1973,8,Zaragoza,34,10,14,10,36,36
964,1973,9,Athletic Club,33,12,9,13,41,38
965,1973,10,Málaga,33,11,11,12,33,29
966,1973,11,Las Palmas,31,11,9,14,38,44
967,1973,12,Oviedo,30,9,12,13,33,44
968,1973,13,Granada,29,9,11,14,25,32
969,1973,14,Sporting de Gijón,29,11,7,16,32,37
970,1973,15,Celta de Vigo,29,10,9,15,30,37
971,1973,16,Betis,28,7,14,13,29,36
972,1973,17,Deportivo de La Coruña,27,7,13,14,22,44
973,1973,18,Burgos,24,9,6,19,36,63
974,1972,1,Real Madrid,47,19,9,6,51,27
975,1972,2,Valencia,45,19,7,8,53,30
976,1972,3,Barcelona,43,17,9,8,40,26
977,1972,4,Atlético de Madrid,39,14,11,9,45,28
978,1972,5,Las Palmas,38,15,8,11,40,36
979,1972,6,Granada,36,14,8,12,40,34
980,1972,7,Málaga,35,9,17,8,27,31
981,1972,8,Real Sociedad,34,14,6,14,38,36
982,1972,9,Athletic Club,34,15,4,15,39,32
983,1972,10,Celta de Vigo,33,10,13,11,37,42
984,1972,11,Sporting de Gijón,32,12,8,14,41,37
985,1972,12,Espanyol,32,12,8,14,43,43
986,1972,13,Betis,30,10,10,14,25,45
987,1972,14,Deportivo de La Coruña,30,11,8,15,28,38
988,1972,15,Burgos,29,11,7,16,34,42
989,1972,16,Sevilla,27,9,9,16,35,45
990,1972,17,Córdoba,25,6,13,15,32,51
991,1972,18,Sabadell,23,7,9,18,27,52
992,1971,1,Valencia,43,18,7,5,41,19
993,1971,2,Barcelona,43,19,5,6,50,22
994,1971,3,Atlético de Madrid,42,17,8,5,51,20
995,1971,4,Real Madrid,41,17,7,6,46,24
996,1971,5,Athletic Club,35,14,7,9,40,31
997,1971,6,Celta de Vigo,35,15,5,10,37,32
998,1971,7,Sevilla,32,13,6,11,34,42
999,1971,8,Real Sociedad,29,10,9,11,23,27
1000,1971,9,Málaga,28,8,12,10,27,32
1001,1971,10,Granada,28,10,8,12,33,34
1002,1971,11,Espanyol,25,8,9,13,18,25
1003,1971,12,Gijón,25,10,5,15,35,44
1004,1971,13,Sabadell,21,8,5,17,28,49
1005,1971,14,Las Palmas,20,5,10,15,33,42
1006,1971,15,Elche,18,4,10,16,25,46
1007,1971,16,Zaragoza,15,3,9,18,22,54
1008,1970,1,Atlético de Madrid,42,18,6,6,53,22
1009,1970,2,Athletic Club,41,17,7,6,44,20
1010,1970,3,Sevilla,35,14,7,9,39,32
1011,1970,4,Barcelona,35,13,9,8,40,31
1012,1970,5,Valencia,35,15,5,10,35,23
1013,1970,6,Real Madrid,35,13,9,8,50,42
1014,1970,7,Real Sociedad,33,15,3,12,47,37
1015,1970,8,Zaragoza,33,13,7,10,35,39
1016,1970,9,Las Palmas,27,10,7,13,32,40
1017,1970,10,Celta de Vigo,27,10,7,13,31,39
1018,1970,11,Elche,26,8,10,12,32,44
1019,1970,12,Granada,26,8,10,12,20,31
1020,1970,13,Sabadell,25,10,5,15,31,37
1021,1970,14,Deportivo de La Coruña,25,8,9,13,25,32
1022,1970,15,Mallorca,22,7,8,15,33,52
1023,1970,16,Pontevedra,13,4,5,21,20,46
1024,1969,1,Real Madrid,47,18,11,1,46,21
1025,1969,2,Las Palmas,38,15,8,7,45,34
1026,1969,3,Barcelona,36,13,10,7,40,18
1027,1969,4,Sabadell,32,10,12,8,33,34
1028,1969,5,Valencia,31,10,11,9,36,39
1029,1969,6,Atlético de Madrid,30,10,10,10,40,37
1030,1969,7,Real Sociedad,29,10,9,11,36,33
1031,1969,8,Granada,29,11,7,12,26,38
1032,1969,9,Elche,29,7,15,8,25,23
1033,1969,10,Deportivo de La Coruña,28,11,6,13,39,44
1034,1969,11,Athletic Club,28,10,8,12,42,46
1035,1969,12,Pontevedra,27,7,13,10,20,23
1036,1969,13,Zaragoza,26,8,10,12,36,36
1037,1969,14,Málaga,25,9,7,14,37,42
1038,1969,15,Espanyol,24,8,8,14,29,36
1039,1969,16,Córdoba,21,5,11,14,31,57
1040,1968,1,Real Madrid,42,16,10,4,55,26
1041,1968,2,Barcelona,39,15,9,6,48,29
1042,1968,3,Las Palmas,38,17,4,9,56,41
1043,1968,4,Valencia,34,13,8,9,52,38
1044,1968,5,Zaragoza,33,13,7,10,43,34
1045,1968,6,Atlético de Madrid,33,12,9,9,38,32
1046,1968,7,Athletic Club,32,11,10,9,51,28
1047,1968,8,Pontevedra,31,12,7,11,36,41
1048,1968,9,Espanyol,29,12,5,13,48,44
1049,1968,10,Málaga,27,9,9,12,29,37
1050,1968,11,Elche,27,11,5,14,30,39
1051,1968,12,Sabadell,26,10,6,14,34,51
1052,1968,13,Córdoba,25,11,3,16,35,57
1053,1968,14,Real Sociedad,24,9,6,15,38,43
1054,1968,15,Betis,20,8,4,18,30,58
1055,1968,16,Sevilla,20,6,8,16,31,56
1056,1967,1,Real Madrid,47,19,9,2,58,22
1057,1967,2,Barcelona,42,20,2,8,58,29
1058,1967,3,Espanyol,37,15,7,8,50,40
1059,1967,4,Atlético de Madrid,35,14,7,9,57,30
1060,1967,5,Zaragoza,34,14,6,10,51,50
1061,1967,6,Valencia,32,14,4,12,58,37
1062,1967,7,Athletic Club,31,11,9,10,43,36
1063,1967,8,Sabadell,30,11,8,11,35,38
1064,1967,9,Elche,27,9,9,12,41,50
1065,1967,10,Pontevedra,27,9,9,12,28,32
1066,1967,11,Las Palmas,26,8,10,12,32,38
1067,1967,12,Córdoba,26,9,8,13,28,44
1068,1967,13,Sevilla,25,9,7,14,28,47
1069,1967,14,Granada,23,8,7,15,32,46
1070,1967,15,Hércules,20,6,8,16,32,60
1071,1967,16,Deportivo de La Coruña,18,7,4,19,25,57
1072,1966,1,Atlético de Madrid,44,18,8,4,54,20
1073,1966,2,Real Madrid,43,19,5,6,53,30
1074,1966,3,Barcelona,38,16,6,8,51,27
1075,1966,4,Zaragoza,36,14,8,8,47,29
1076,1966,5,Athletic Club,34,14,6,10,43,32
1077,1966,6,Elche,32,12,8,10,36,37
1078,1966,7,Pontevedra,31,13,5,12,31,34
1079,1966,8,Sevilla,27,9,9,12,27,38
1080,1966,9,Valencia,27,11,5,14,40,35
1081,1966,10,Las Palmas,26,9,8,13,32,39
1082,1966,11,Córdoba,25,10,5,15,34,42
1083,1966,12,Espanyol,24,7,10,13,31,48
1084,1966,13,Málaga,24,8,8,14,24,37
1085,1966,14,Sabadell,23,10,3,17,30,46
1086,1966,15,Mallorca,23,9,5,16,40,55
1087,1966,16,Betis,23,7,9,14,36,60
1088,1965,1,Real Madrid,47,21,5,4,64,18
1089,1965,2,Atlético de Madrid,43,20,3,7,58,27
1090,1965,3,Zaragoza,40,19,2,9,60,37
1091,1965,4,Valencia,38,17,4,9,59,37
1092,1965,5,Córdoba,35,16,3,11,36,34
1093,1965,6,Barcelona,32,14,4,12,59,41
1094,1965,7,Athletic Club,32,13,6,11,36,41
1095,1965,8,Elche,31,14,3,13,38,43
1096,1965,9,Las Palmas,29,11,7,12,36,43
1097,1965,10,Sevilla,26,11,4,15,38,50
1098,1965,11,Espanyol,25,12,1,17,37,39
1099,1965,12,Betis,23,8,7,15,33,45
1100,1965,13,Murcia,23,5,13,12,28,49
1101,1965,14,Levante,21,8,5,17,37,51
1102,1965,15,Oviedo,20,7,6,17,22,54
1103,1965,16,Deportivo de La Coruña,15,6,3,21,18,50
1104,1964,1,Real Madrid,46,22,2,6,61,23
1105,1964,2,Barcelona,42,19,4,7,74,38
1106,1964,3,Betis,37,15,7,8,47,36
1107,1964,4,Zaragoza,34,14,6,10,52,42
1108,1964,5,Elche,33,13,7,10,35,31
1109,1964,6,Valencia,32,16,0,14,53,47
1110,1964,7,Atlético de Madrid,29,10,9,11,37,34
1111,1964,8,Athletic Club,29,12,5,13,43,40
1112,1964,9,Sevilla,29,9,11,10,33,38
1113,1964,10,Levante,27,10,7,13,43,56
1114,1964,11,Córdoba,26,10,6,14,32,38
1115,1964,12,Murcia,26,11,4,15,41,54
1116,1964,13,Espanyol,25,10,5,15,34,47
1117,1964,14,Oviedo,25,10,5,15,27,42
1118,1964,15,Pontevedra,21,8,5,17,30,45
1119,1964,16,Valladolid,19,7,5,18,27,58
1120,1963,1,Real Madrid,49,23,3,4,83,33
1121,1963,2,Atlético de Madrid,37,14,9,7,61,36
1122,1963,3,Oviedo,33,15,3,12,52,46
1123,1963,4,Valladolid,33,15,3,12,51,53
1124,1963,5,Zaragoza,32,14,4,12,54,39
1125,1963,6,Barcelona,31,11,9,10,45,36
1126,1963,7,Valencia,31,14,3,13,49,36
1127,1963,8,Elche,29,11,7,12,48,59
1128,1963,9,Betis,28,12,4,14,41,47
1129,1963,10,Athletic Club,28,10,8,12,41,40
1130,1963,11,Sevilla,27,11,5,14,40,55
1131,1963,12,Córdoba,27,12,3,15,35,39
1132,1963,13,Mallorca,26,11,4,15,47,57
1133,1963,14,Deportivo de La Coruña,25,11,3,16,33,48
1134,1963,15,Osasuna,24,9,6,15,39,50
1135,1963,16,Málaga,20,8,4,18,25,70
1136,1962,1,Real Madrid,43,19,5,6,58,24
1137,1962,2,Barcelona,40,18,4,8,81,46
1138,1962,3,Atlético de Madrid,36,15,6,9,50,36
1139,1962,4,Zaragoza,35,15,5,10,70,51
1140,1962,5,Athletic Club,32,12,8,10,52,38
1141,1962,6,Sevilla,31,12,7,11,48,45
1142,1962,7,Valencia,31,12,7,11,50,50
1143,1962,8,Elche,29,10,9,11,52,52
1144,1962,9,Betis,28,10,8,12,39,51
1145,1962,10,Oviedo,27,10,7,13,27,47
1146,1962,11,Mallorca,27,11,5,14,30,47
1147,1962,12,Osasuna,27,10,7,13,54,59
1148,1962,13,Espanyol,26,8,10,12,45,55
1149,1962,14,Racing de Santander,26,11,4,15,35,54
1150,1962,15,Real Sociedad,23,9,5,16,37,49
1151,1962,16,Tenerife,19,6,7,17,33,57
1152,1961,1,Real Madrid,52,24,4,2,89,25
1153,1961,2,Atlético de Madrid,40,17,6,7,57,35
1154,1961,3,Zaragoza,33,12,9,9,54,53
1155,1961,4,Barcelona,32,13,6,11,62,47
1156,1961,5,Valencia,32,11,10,9,46,42
1157,1961,6,Athletic Club,30,12,6,12,42,41
1158,1961,7,Betis,30,11,8,11,42,44
1159,1961,8,Real Sociedad,30,10,10,10,37,46
1160,1961,9,Mallorca,28,12,4,14,38,41
1161,1961,10,Espanyol,27,12,3,15,46,46
1162,1961,11,Sevilla,27,9,9,12,42,46
1163,1961,12,Racing de Santander,26,11,4,15,42,47
1164,1961,13,Oviedo,26,10,6,14,39,54
1165,1961,14,Elche,25,9,7,14,48,75
1166,1961,15,Valladolid,25,11,3,16,39,52
1167,1961,16,Granada,17,5,7,18,32,61
1168,1960,1,Barcelona,46,22,2,6,86,28
1169,1960,2,Real Madrid,46,21,4,5,92,36
1170,1960,3,Athletic Club,39,19,1,10,74,45
1171,1960,4,Sevilla,36,16,4,10,63,44
1172,1960,5,Atlético de Madrid,33,15,3,12,59,40
1173,1960,6,Oviedo,33,13,7,10,38,51
1174,1960,7,Betis,33,15,3,12,42,53
1175,1960,8,Espanyol,30,11,8,11,33,29
1176,1960,9,Valencia,28,11,6,13,37,33
1177,1960,10,Elche,27,11,5,14,41,64
1178,1960,11,Zaragoza,25,10,5,15,49,58
1179,1960,12,Granada,25,10,5,15,38,52
1180,1960,13,Valladolid,25,11,3,16,48,61
1181,1960,14,Real Sociedad,23,10,3,17,41,61
1182,1960,15,Osasuna,18,8,2,20,42,75
1183,1960,16,Las Palmas,13,5,3,22,24,77
1184,1959,1,Barcelona,51,24,3,3,96,26
1185,1959,2,Real Madrid,47,21,5,4,89,29
1186,1959,3,Athletic Club,36,17,2,11,72,33
1187,1959,4,Valencia,33,13,7,10,47,41
1188,1959,5,Atlético de Madrid,32,13,6,11,58,48
1189,1959,6,Betis,32,14,4,12,54,53
1190,1959,7,Espanyol,29,11,7,12,42,45
1191,1959,8,Osasuna,28,12,4,14,44,59
1192,1959,9,Zaragoza,28,12,4,14,47,60
1193,1959,10,Real Sociedad,28,9,10,11,32,33
1194,1959,11,Oviedo,27,11,5,14,31,49
1195,1959,12,Sevilla,26,12,2,16,44,58
1196,1959,13,Granada,26,11,4,15,30,43
1197,1959,14,Las Palmas,24,10,4,16,43,69
1198,1959,15,Gijón,20,7,6,17,25,70
1199,1959,16,Celta de Vigo,13,4,5,21,21,59
1200,1958,1,Real Madrid,45,20,5,5,71,26
1201,1958,2,Atlético de Madrid,42,16,10,4,78,43
1202,1958,3,Barcelona,38,17,4,9,69,38
1203,1958,4,Valencia,36,13,10,7,56,40
1204,1958,5,Osasuna,35,15,5,10,53,43
1205,1958,6,Athletic Club,32,14,4,12,56,48
1206,1958,7,Celta de Vigo,32,13,6,11,50,51
1207,1958,8,Espanyol,28,11,6,13,48,46
1208,1958,9,Real Sociedad,27,10,7,13,38,44
1209,1958,10,Sevilla,25,9,7,14,45,55
1210,1958,11,Las Palmas,25,9,7,14,34,65
1211,1958,12,Gijón,24,10,4,16,46,57
1212,1958,13,Granada,24,11,2,17,35,53
1213,1958,14,Zaragoza,24,8,8,14,39,52
1214,1958,15,Valladolid,23,9,5,16,45,73
1215,1958,16,Jaén,20,9,2,19,29,58
1216,1957,1,Real Madrid,44,20,4,6,74,35
1217,1957,2,Sevilla,39,17,5,8,64,49
1218,1957,3,Barcelona,39,16,7,7,70,37
1219,1957,4,Athletic Club,37,16,5,9,59,45
1220,1957,5,Atlético de Madrid,34,15,4,11,65,45
1221,1957,6,Osasuna,31,12,7,11,40,38
1222,1957,7,Espanyol,30,11,8,11,39,48
1223,1957,8,Valladolid,28,11,6,13,52,58
1224,1957,9,Zaragoza,28,11,6,13,37,51
1225,1957,10,Las Palmas,27,9,9,12,41,58
1226,1957,11,Valencia,27,10,7,13,43,46
1227,1957,12,Real Sociedad,26,9,8,13,39,47
1228,1957,13,Celta de Vigo,23,8,7,15,39,47
1229,1957,14,Jaén,23,9,5,16,37,55
1230,1957,15,Deportivo de La Coruña,22,10,2,18,41,61
1231,1957,16,Condal,22,7,8,15,37,57
1232,1956,1,Athletic Club,48,22,4,4,79,31
1233,1956,2,Barcelona,47,22,3,5,67,26
1234,1956,3,Real Madrid,38,18,2,10,81,39
1235,1956,4,Sevilla,36,17,2,11,75,44
1236,1956,5,Atlético de Madrid,33,14,5,11,75,49
1237,1956,6,Valencia,32,13,6,11,58,50
1238,1956,7,Espanyol,31,14,3,13,50,56
1239,1956,8,Real Sociedad,30,11,8,11,48,53
1240,1956,9,Valladolid,30,13,4,13,52,55
1241,1956,10,Celta de Vigo,27,12,3,15,52,75
1242,1956,11,Las Palmas,26,11,4,15,49,60
1243,1956,12,Deportivo de La Coruña,26,11,4,15,60,80
1244,1956,13,Murcia,25,10,5,15,46,66
1245,1956,14,Alavés,24,9,6,15,49,73
1246,1956,15,Cultural Leonesa,14,5,4,21,34,65
1247,1956,16,Hércules,13,5,3,22,33,86
1248,1955,1,Real Madrid,46,20,6,4,80,31
1249,1955,2,Barcelona,41,17,7,6,75,39
1250,1955,3,Athletic Club,39,15,9,6,78,39
1251,1955,4,Sevilla,34,15,4,11,74,58
1252,1955,5,Valencia,33,15,3,12,71,60
1253,1955,6,Hércules,31,11,9,10,46,57
1254,1955,7,Deportivo de La Coruña,30,12,6,12,52,59
1255,1955,8,Atlético de Madrid,29,11,7,12,59,64
1256,1955,9,Valladolid,27,11,5,14,48,56
1257,1955,10,Alavés,27,11,5,14,51,62
1258,1955,11,Celta de Vigo,27,10,7,13,55,60
1259,1955,12,Las Palmas,27,10,7,13,45,69
1260,1955,13,Espanyol,26,8,10,12,42,46
1261,1955,14,Real Sociedad,24,9,6,15,48,53
1262,1955,15,Racing de Santander,20,9,2,19,39,81
1263,1955,16,Málaga,19,6,7,17,36,65
1264,1954,1,Real Madrid,40,17,6,7,72,41
1265,1954,2,Barcelona,36,16,4,10,74,39
1266,1954,3,Valencia,34,14,6,10,69,51
1267,1954,4,Espanyol,34,14,6,10,50,36
1268,1954,5,Sevilla,32,15,2,13,57,49
1269,1954,6,Athletic Club,32,12,8,10,54,44
1270,1954,7,Deportivo de La Coruña,31,13,5,12,41,46
1271,1954,8,Racing de Santander,31,12,7,11,53,61
1272,1954,9,Real Sociedad,29,11,7,12,44,58
1273,1954,10,Celta de Vigo,29,12,5,13,47,54
1274,1954,11,Atlético de Madrid,29,11,7,12,57,47
1275,1954,12,Valladolid,29,12,5,13,50,60
1276,1954,13,Osasuna,28,12,4,14,46,54
1277,1954,14,Jaén,28,11,6,13,55,70
1278,1954,15,Oviedo,22,8,6,16,31,53
1279,1954,16,Gijón,16,7,2,21,44,81
1280,1953,1,Barcelona,42,19,4,7,82,43
1281,1953,2,Valencia,40,16,8,6,66,42
1282,1953,3,Real Madrid,39,18,3,9,67,49
1283,1953,4,Espanyol,36,16,4,10,64,40
1284,1953,5,Sevilla,34,16,2,12,70,57
1285,1953,6,Athletic Club,32,14,4,12,83,52
1286,1953,7,Gijón,30,11,8,11,39,54
1287,1953,8,Atlético de Madrid,30,13,4,13,65,70
1288,1953,9,Oviedo,29,12,5,13,63,62
1289,1953,10,Real Sociedad,28,10,8,12,54,61
1290,1953,11,Racing de Santander,27,11,5,14,46,61
1291,1953,12,Valladolid,25,10,5,15,48,54
1292,1953,13,Celta de Vigo,25,10,5,15,54,69
1293,1953,14,Deportivo de La Coruña,24,9,6,15,49,78
1294,1953,15,Málaga,22,10,2,18,47,69
1295,1953,16,Zaragoza,17,6,5,19,38,74
1296,1952,1,Barcelona,43,19,5,6,92,43
1297,1952,2,Athletic Club,40,17,6,7,78,46
1298,1952,3,Real Madrid,38,16,6,8,79,50
1299,1952,4,Atlético de Madrid,37,16,5,9,80,57
1300,1952,5,Valencia,35,15,5,10,68,51
1301,1952,6,Sevilla,32,14,4,12,69,57
1302,1952,7,Espanyol,32,14,4,12,69,62
1303,1952,8,Valladolid,29,9,11,10,47,43
1304,1952,9,Celta de Vigo,27,12,3,15,64,66
1305,1952,10,Real Sociedad,26,11,4,15,60,59
1306,1952,11,Deportivo de La Coruña,25,10,5,15,46,70
1307,1952,12,Zaragoza,25,10,5,15,54,73
1308,1952,13,Gijón,25,10,5,15,49,75
1309,1952,14,Racing de Santander,25,9,7,14,45,65
1310,1952,15,Las Palmas,22,9,4,17,36,85
1311,1952,16,Atlético Tetuán,19,7,5,18,51,85
1312,1951,1,Atlético de Madrid,40,17,6,7,87,50
1313,1951,2,Sevilla,38,17,4,9,79,46
1314,1951,3,Valencia,37,17,3,10,64,48
1315,1951,4,Barcelona,35,16,3,11,83,61
1316,1951,5,Real Sociedad,35,15,5,10,77,56
1317,1951,6,Valladolid,33,14,5,11,51,51
1318,1951,7,Athletic Club,33,15,3,12,88,56
1319,1951,8,Celta de Vigo,33,15,3,12,62,56
1320,1951,9,Real Madrid,31,13,5,12,80,71
1321,1951,10,Racing de Santander,30,12,6,12,49,60
1322,1951,11,Espanyol,30,13,4,13,82,72
1323,1951,12,Deportivo de La Coruña,30,13,4,13,64,47
1324,1951,13,Málaga,29,12,5,13,55,52
1325,1951,14,Murcia,19,8,3,19,40,86
1326,1951,15,Alcoyano,14,6,2,22,36,92
1327,1951,16,Lleida,13,6,1,23,41,134
1328,1950,1,Atlético de Madrid,33,15,3,8,71,51
1329,1950,2,Deportivo de La Coruña,32,12,8,6,48,38
1330,1950,3,Valencia,31,12,7,7,71,43
1331,1950,4,Real Madrid,31,11,9,6,60,49
1332,1950,5,Barcelona,29,13,3,10,67,47
1333,1950,6,Athletic Club,29,12,5,9,72,66
1334,1950,7,Celta de Vigo,28,13,2,11,63,50
1335,1950,8,Real Sociedad,27,9,9,8,57,43
1336,1950,9,Valladolid,25,8,9,9,49,46
1337,1950,10,Sevilla,25,11,3,12,60,61
1338,1950,11,Espanyol,22,8,6,12,42,64
1339,1950,12,Málaga,21,8,5,13,44,51
1340,1950,13,Gimnàstic de Tarragona,16,7,2,17,39,99
1341,1950,14,Oviedo,15,4,7,15,30,65
1342,1949,1,Barcelona,37,16,5,5,66,36
1343,1949,2,Valencia,35,16,3,7,78,47
1344,1949,3,Real Madrid,34,15,4,7,67,42
1345,1949,4,Atlético de Madrid,34,15,4,7,54,32
1346,1949,5,Oviedo,30,13,4,9,50,43
1347,1949,6,Athletic Club,24,11,2,13,61,63
1348,1949,7,Espanyol,24,10,4,12,51,46
1349,1949,8,Sevilla,23,11,1,14,35,40
1350,1949,9,Gimnàstic de Tarragona,23,10,3,13,59,72
1351,1949,10,Deportivo de La Coruña,22,9,4,13,56,60
1352,1949,11,Celta de Vigo,22,9,4,13,51,64
1353,1949,12,Valladolid,22,10,2,14,38,59
1354,1949,13,Alcoyano,21,8,5,13,30,54
1355,1949,14,Sabadell,13,5,3,18,43,81
1356,1948,1,Barcelona,37,15,7,4,65,31
1357,1948,2,Valencia,34,15,4,7,59,34
1358,1948,3,Atlético de Madrid,33,13,7,6,73,45
1359,1948,4,Celta de Vigo,31,14,3,9,59,48
1360,1948,5,Sevilla,29,12,5,9,50,40
1361,1948,6,Athletic Club,28,12,4,10,56,44
1362,1948,7,Gimnàstic de Tarragona,24,10,4,12,49,55
1363,1948,8,Espanyol,24,9,6,11,39,47
1364,1948,9,Oviedo,23,9,5,12,49,57
1365,1948,10,Alcoyano,22,9,4,13,40,52
1366,1948,11,Real Madrid,21,7,7,12,41,56
1367,1948,12,Sabadell,21,9,3,14,41,62
1368,1948,13,Real Sociedad,19,8,3,15,38,56
1369,1948,14,Gijón,18,7,4,15,37,69
1370,1947,1,Valencia,34,16,2,8,54,34
1371,1947,2,Athletic Club,34,15,4,7,72,38
1372,1947,3,Atlético de Madrid,32,13,6,7,58,44
1373,1947,4,Barcelona,31,14,3,9,59,42
1374,1947,5,Sabadell,30,11,8,7,42,36
1375,1947,6,Sevilla,29,12,5,9,54,48
1376,1947,7,Real Madrid,27,11,5,10,62,56
1377,1947,8,Oviedo,27,10,7,9,52,42
1378,1947,9,Celta de Vigo,26,11,4,11,53,48
1379,1947,10,Gijón,25,10,5,11,51,59
1380,1947,11,Espanyol,19,9,1,16,46,59
1381,1947,12,Murcia,19,6,7,13,30,58
1382,1947,13,Deportivo de La Coruña,18,5,8,13,32,60
1383,1947,14,Castellón,13,4,5,17,39,80
1384,1946,1,Sevilla,36,14,8,4,53,37
1385,1946,2,Barcelona,35,14,7,5,48,31
1386,1946,3,Athletic Club,33,14,5,7,63,38
1387,1946,4,Real Madrid,31,11,9,6,46,30
1388,1946,5,Oviedo,30,10,10,6,44,37
1389,1946,6,Valencia,28,9,10,7,44,36
1390,1946,7,Atlético de Madrid,26,10,6,10,50,48
1391,1946,8,Castellón,26,11,4,11,38,54
1392,1946,9,Gijón,25,9,7,10,37,39
1393,1946,10,Celta de Vigo,21,9,3,14,57,56
1394,1946,11,Murcia,20,5,10,11,21,39
1395,1946,12,Espanyol,19,6,7,13,41,53
1396,1946,13,Alcoyano,19,7,5,14,39,54
1397,1946,14,Hércules,15,5,5,16,30,59
1398,1945,1,Barcelona,39,17,5,4,50,30
1399,1945,2,Real Madrid,38,18,2,6,68,35
1400,1945,3,Atlético de Madrid,31,13,5,8,46,41
1401,1945,4,Oviedo,31,13,5,8,50,48
1402,1945,5,Valencia,30,12,6,8,61,35
1403,1945,6,Athletic Club,30,14,2,10,54,41
1404,1945,7,Gijón,24,9,6,11,42,46
1405,1945,8,Castellón,24,10,4,12,43,50
1406,1945,9,Espanyol,23,10,3,13,44,39
1407,1945,10,Sevilla,22,9,4,13,52,49
1408,1945,11,Murcia,19,7,5,14,40,58
1409,1945,12,Granada,19,7,5,14,40,55
1410,1945,13,Sabadell,17,6,5,15,30,67
1411,1945,14,Deportivo de La Coruña,17,5,7,14,36,62
1412,1944,1,Valencia,40,18,4,4,73,32
1413,1944,2,Atlético de Madrid,34,15,4,7,66,49
1414,1944,3,Sevilla,32,12,8,6,60,46
1415,1944,4,Oviedo,29,12,5,9,71,47
1416,1944,5,Castellón,29,13,3,10,42,36
1417,1944,6,Barcelona,28,10,8,8,59,46
1418,1944,7,Real Madrid,28,11,6,9,48,38
1419,1944,8,Granada,26,9,8,9,41,46
1420,1944,9,Sabadell,25,11,3,12,53,60
1421,1944,10,Athletic Club,25,10,5,11,47,51
1422,1944,11,Espanyol,23,9,5,12,42,50
1423,1944,12,Deportivo de La Coruña,19,6,7,13,35,64
1424,1944,13,Real Sociedad,17,5,7,14,34,54
1425,1944,14,Celta de Vigo,9,2,5,19,23,75
1426,1943,1,Athletic Club,36,16,4,6,73,38
1427,1943,2,Sevilla,33,15,3,8,63,47
1428,1943,3,Barcelona,32,14,4,8,77,50
1429,1943,4,Castellón,31,13,5,8,41,43
1430,1943,5,Celta de Vigo,30,14,2,10,52,50
1431,1943,6,Oviedo,28,12,4,10,53,63
1432,1943,7,Valencia,27,10,7,9,58,45
1433,1943,8,Atlético de Madrid,27,11,5,10,54,44
1434,1943,9,Deportivo de La Coruña,26,7,12,7,35,32
1435,1943,10,Real Madrid,25,10,5,11,52,50
1436,1943,11,Espanyol,24,9,6,11,45,51
1437,1943,12,Granada,22,9,4,13,56,68
1438,1943,13,Zaragoza,13,2,9,15,25,57
1439,1943,14,Betis,10,2,6,18,28,74
1440,1942,1,Valencia,40,18,4,4,85,39
1441,1942,2,Real Madrid,33,14,5,7,65,43
1442,1942,3,Atlético de Madrid,33,14,5,7,50,44
1443,1942,4,Deportivo de La Coruña,28,12,4,10,36,37
1444,1942,5,Celta de Vigo,28,11,6,9,53,58
1445,1942,6,Sevilla,27,10,7,9,58,45
1446,1942,7,Athletic Club,27,10,7,9,55,41
1447,1942,8,Castellón,26,10,6,10,54,63
1448,1942,9,Espanyol,26,10,6,10,49,42
1449,1942,10,Granada,25,10,5,11,64,52
1450,1942,11,Oviedo,23,8,7,11,42,63
1451,1942,12,Barcelona,19,8,3,15,57,66
1452,1942,13,Hércules,17,6,5,15,42,71
1453,1942,14,Real Sociedad,12,5,2,19,31,77
1454,1941,1,Atlético de Madrid,33,13,7,2,70,36
1455,1941,2,Athletic Club,31,13,5,4,49,24
1456,1941,3,Valencia,27,11,5,6,60,52
1457,1941,4,Barcelona,27,13,1,8,55,45
1458,1941,5,Sevilla,26,12,2,8,70,43
1459,1941,6,Real Madrid,24,11,2,9,51,38
1460,1941,7,Espanyol,22,10,2,10,50,54
1461,1941,8,Oviedo,16,7,2,13,36,63
1462,1941,9,Hércules,16,7,2,13,28,67
1463,1941,10,Celta de Vigo,15,7,1,14,45,51
1464,1941,11,Zaragoza,14,5,4,13,26,41
1465,1941,12,Murcia,13,5,3,14,29,55
1466,1940,1,Athletic Aviación,29,14,1,7,43,29
1467,1940,2,Sevilla,28,11,6,5,60,44
1468,1940,3,Athletic Club,26,11,4,7,57,44
1469,1940,4,Real Madrid,25,12,1,9,47,35
1470,1940,5,Espanyol,24,11,2,9,43,43
1471,1940,6,Hércules,23,9,5,8,41,34
1472,1940,7,Zaragoza,21,7,7,8,30,40
1473,1940,8,Valencia,21,9,3,10,40,36
1474,1940,9,Barcelona,19,8,3,11,32,38
1475,1940,10,Celta de Vigo,19,9,1,12,45,50
1476,1940,11,Betis,16,6,4,12,26,51
1477,1940,12,Racing de Santander,13,6,1,15,37,57
1478,1936,1,Athletic Club,31,14,3,5,59,33
1479,1936,2,Real Madrid,29,13,3,6,62,35
1480,1936,3,Oviedo,28,12,4,6,63,47
1481,1936,4,Racing de Santander,27,13,1,8,58,46
1482,1936,5,Barcelona,24,11,2,9,39,32
1483,1936,6,Hércules,24,11,2,9,37,41
1484,1936,7,Betis,20,9,2,11,31,46
1485,1936,8,Valencia,19,7,5,10,36,42
1486,1936,9,Espanyol,17,8,1,13,36,53
1487,1936,10,Sevilla,16,6,4,12,27,48
1488,1936,11,Atlético de Madrid,15,6,3,13,34,50
1489,1936,12,Osasuna,14,7,0,15,46,55
1490,1935,1,Betis,34,15,4,3,43,19
1491,1935,2,Real Madrid,33,16,1,5,61,34
1492,1935,3,Oviedo,26,12,2,8,60,47
1493,1935,4,Athletic Club,25,11,3,8,60,37
1494,1935,5,Sevilla,24,11,2,9,53,38
1495,1935,6,Barcelona,24,9,6,7,55,44
1496,1935,7,Atlético de Madrid,21,8,5,9,40,45
1497,1935,8,Espanyol,20,9,2,11,47,59
1498,1935,9,Valencia,20,9,2,11,40,49
1499,1935,10,Racing de Santander,17,7,3,12,37,46
1500,1935,11,Real Sociedad,11,5,1,16,28,67
1501,1935,12,Arenas de Guecho,9,3,3,16,17,56
1502,1934,1,Athletic Club,24,11,2,5,61,27
1503,1934,2,Real Madrid,22,10,2,6,41,29
1504,1934,3,Racing de Santander,19,9,1,8,38,39
1505,1934,4,Betis,19,9,1,8,29,36
1506,1934,5,Real Sociedad,18,7,4,7,29,33
1507,1934,6,Oviedo,18,8,2,8,51,45
1508,1934,7,Valencia,17,7,3,8,28,38
1509,1934,8,Espanyol,17,7,3,8,41,42
1510,1934,9,Barcelona,16,8,0,10,42,40
1511,1934,10,Arenas de Guecho,10,3,4,11,18,49
1512,1933,1,Real Madrid,28,13,2,3,49,17
1513,1933,2,Athletic Club,26,13,0,5,63,29
1514,1933,3,Espanyol,22,10,2,6,33,30
1515,1933,4,Barcelona,19,7,5,6,42,34
1516,1933,5,Betis,17,6,5,7,31,45
1517,1933,6,Real Sociedad,15,6,3,9,41,47
1518,1933,7,Arenas de Guecho,14,5,4,9,39,44
1519,1933,8,Racing de Santander,14,6,2,10,46,58
1520,1933,9,Valencia,13,4,5,9,34,53
1521,1933,10,Alavés,12,5,2,11,21,42
1522,1932,1,Real Madrid,28,10,8,0,37,15
1523,1932,2,Athletic Club,25,11,3,4,47,23
1524,1932,3,Barcelona,24,10,4,4,40,26
1525,1932,4,Racing de Santander,20,7,6,5,36,35
1526,1932,5,Arenas de Guecho,17,7,3,8,35,42
1527,1932,6,Espanyol,15,7,1,10,34,39
1528,1932,7,Valencia,15,6,3,9,38,47
1529,1932,8,Real Sociedad,14,7,0,11,38,35
1530,1932,9,Alavés,11,5,1,12,22,44
1531,1932,10,Real Unión,11,4,3,11,24,45
1532,1931,1,Athletic Club,22,11,0,7,73,33
1533,1931,2,Racing de Santander,22,10,2,6,49,37
1534,1931,3,Real Sociedad,22,10,2,6,42,39
1535,1931,4,Barcelona,21,7,7,4,40,43
1536,1931,5,Arenas de Guecho,18,8,2,8,35,38
1537,1931,6,Real Madrid,18,7,4,7,24,27
1538,1931,7,Real Unión,16,6,4,8,41,45
1539,1931,8,Alavés,14,5,4,9,25,39
1540,1931,9,Espanyol,14,6,2,10,32,45
1541,1931,10,Europa,13,6,1,11,23,38
1542,1930,1,Athletic Club,30,12,6,0,63,28
1543,1930,2,Barcelona,23,11,1,6,46,36
1544,1930,3,Arenas de Guecho,20,9,2,7,51,40
1545,1930,4,Espanyol,20,9,2,7,40,33
1546,1930,5,Real Madrid,17,7,3,8,45,42
1547,1930,6,Real Unión,17,6,5,7,48,52
1548,1930,7,Real Sociedad,14,5,4,9,34,37
1549,1930,8,Racing de Santander,14,7,0,11,32,58
1550,1930,9,Europa,13,6,1,11,29,44
1551,1930,10,Atlético de Madrid,12,5,2,11,32,50
1552,1929,1,Barcelona,25,11,3,4,37,23
1553,1929,2,Real Madrid,23,11,1,6,40,27
1554,1929,3,Athletic Club,20,8,4,6,43,33
1555,1929,4,Real Sociedad,20,8,4,6,46,41
1556,1929,5,Arenas de Guecho,19,8,3,7,32,39
1557,1929,6,Atlético de Madrid,18,8,2,8,43,41
1558,1929,7,Espanyol,18,7,4,7,32,38
1559,1929,8,Europa,16,6,4,8,45,49
1560,1929,9,Real Unión,12,5,2,11,40,42
1561,1929,10,Racing de Santander,9,3,3,12,25,50
